{"precision": 0.02101473141169989, "recall": 0.02908536249191877, "f1_score": 0.024385547557555398, "n_folds": 5}